{"epoch_loss": 0.1676796994897542, "_timestamp": 1713858935.46887, "_runtime": 49426.48146080971, "_step": 8}